,Id,Image,Name,CPU,Memory,time
1,214ed18ef5c4,ubuntu,loving_bell,0.00%,1.676MiB / 15.55GiB,1
2,e65c5998694a,google/cadvisor:latest,cadvisor,1.98%,50.7MiB / 15.55GiB,1
3,64e78f49b4df,ubuntu,gallant_tereshkova,0.00%,1.715MiB / 15.55GiB,1
4,214ed18ef5c4,ubuntu,loving_bell,0.00%,1.676MiB / 15.55GiB,2
5,e65c5998694a,google/cadvisor:latest,cadvisor,5.81%,50.7MiB / 15.55GiB,2
6,64e78f49b4df,ubuntu,gallant_tereshkova,0.00%,1.715MiB / 15.55GiB,2
7,214ed18ef5c4,ubuntu,loving_bell,0.00%,1.676MiB / 15.55GiB,3
8,e65c5998694a,google/cadvisor:latest,cadvisor,3.53%,50.7MiB / 15.55GiB,3
9,64e78f49b4df,ubuntu,gallant_tereshkova,0.00%,1.715MiB / 15.55GiB,3
10,214ed18ef5c4,ubuntu,loving_bell,0.00%,1.676MiB / 15.55GiB,4
11,e65c5998694a,google/cadvisor:latest,cadvisor,4.04%,50.7MiB / 15.55GiB,4
12,64e78f49b4df,ubuntu,gallant_tereshkova,0.00%,1.715MiB / 15.55GiB,4
13,214ed18ef5c4,ubuntu,loving_bell,0.00%,1.676MiB / 15.55GiB,5
14,e65c5998694a,google/cadvisor:latest,cadvisor,4.00%,50.7MiB / 15.55GiB,5
15,64e78f49b4df,ubuntu,gallant_tereshkova,0.00%,1.715MiB / 15.55GiB,5
16,214ed18ef5c4,ubuntu,loving_bell,0.00%,1.676MiB / 15.55GiB,6
17,e65c5998694a,google/cadvisor:latest,cadvisor,2.86%,50.7MiB / 15.55GiB,6
18,64e78f49b4df,ubuntu,gallant_tereshkova,0.00%,1.715MiB / 15.55GiB,6
19,214ed18ef5c4,ubuntu,loving_bell,0.00%,1.676MiB / 15.55GiB,7
20,e65c5998694a,google/cadvisor:latest,cadvisor,2.83%,50.71MiB / 15.55GiB,7
21,64e78f49b4df,ubuntu,gallant_tereshkova,0.00%,1.715MiB / 15.55GiB,7
22,214ed18ef5c4,ubuntu,loving_bell,0.00%,1.676MiB / 15.55GiB,8
23,e65c5998694a,google/cadvisor:latest,cadvisor,3.25%,50.72MiB / 15.55GiB,8
24,64e78f49b4df,ubuntu,gallant_tereshkova,0.00%,1.715MiB / 15.55GiB,8
25,214ed18ef5c4,ubuntu,loving_bell,0.00%,1.676MiB / 15.55GiB,9
26,e65c5998694a,google/cadvisor:latest,cadvisor,3.49%,50.72MiB / 15.55GiB,9
27,64e78f49b4df,ubuntu,gallant_tereshkova,0.00%,1.715MiB / 15.55GiB,9
28,214ed18ef5c4,ubuntu,loving_bell,0.00%,1.676MiB / 15.55GiB,10
29,e65c5998694a,google/cadvisor:latest,cadvisor,7.20%,50.72MiB / 15.55GiB,10
30,64e78f49b4df,ubuntu,gallant_tereshkova,0.00%,1.715MiB / 15.55GiB,10
31,214ed18ef5c4,ubuntu,loving_bell,0.00%,1.676MiB / 15.55GiB,11
32,e65c5998694a,google/cadvisor:latest,cadvisor,2.57%,50.72MiB / 15.55GiB,11
33,64e78f49b4df,ubuntu,gallant_tereshkova,0.00%,1.715MiB / 15.55GiB,11
34,214ed18ef5c4,ubuntu,loving_bell,0.00%,1.676MiB / 15.55GiB,12
35,e65c5998694a,google/cadvisor:latest,cadvisor,3.28%,50.73MiB / 15.55GiB,12
36,64e78f49b4df,ubuntu,gallant_tereshkova,0.00%,1.715MiB / 15.55GiB,12
37,214ed18ef5c4,ubuntu,loving_bell,0.00%,1.676MiB / 15.55GiB,13
38,e65c5998694a,google/cadvisor:latest,cadvisor,2.93%,50.73MiB / 15.55GiB,13
39,64e78f49b4df,ubuntu,gallant_tereshkova,0.00%,1.715MiB / 15.55GiB,13
40,214ed18ef5c4,ubuntu,loving_bell,0.00%,1.676MiB / 15.55GiB,14
41,e65c5998694a,google/cadvisor:latest,cadvisor,2.26%,50.73MiB / 15.55GiB,14
42,64e78f49b4df,ubuntu,gallant_tereshkova,0.00%,1.715MiB / 15.55GiB,14
43,214ed18ef5c4,ubuntu,loving_bell,1.35%,2.52MiB / 15.55GiB,15
44,e65c5998694a,google/cadvisor:latest,cadvisor,4.12%,50.73MiB / 15.55GiB,15
45,64e78f49b4df,ubuntu,gallant_tereshkova,0.00%,1.715MiB / 15.55GiB,15
46,214ed18ef5c4,ubuntu,loving_bell,0.00%,2.52MiB / 15.55GiB,16
47,e65c5998694a,google/cadvisor:latest,cadvisor,4.06%,50.74MiB / 15.55GiB,16
48,64e78f49b4df,ubuntu,gallant_tereshkova,0.00%,1.715MiB / 15.55GiB,16
49,214ed18ef5c4,ubuntu,loving_bell,0.00%,2.531MiB / 15.55GiB,17
50,e65c5998694a,google/cadvisor:latest,cadvisor,2.61%,50.74MiB / 15.55GiB,17
51,64e78f49b4df,ubuntu,gallant_tereshkova,0.00%,1.715MiB / 15.55GiB,17
52,214ed18ef5c4,ubuntu,loving_bell,0.00%,2.531MiB / 15.55GiB,18
53,e65c5998694a,google/cadvisor:latest,cadvisor,3.89%,50.74MiB / 15.55GiB,18
54,64e78f49b4df,ubuntu,gallant_tereshkova,0.00%,1.715MiB / 15.55GiB,18
55,214ed18ef5c4,ubuntu,loving_bell,0.00%,2.531MiB / 15.55GiB,19
56,e65c5998694a,google/cadvisor:latest,cadvisor,3.10%,50.74MiB / 15.55GiB,19
57,64e78f49b4df,ubuntu,gallant_tereshkova,0.00%,1.715MiB / 15.55GiB,19
58,214ed18ef5c4,ubuntu,loving_bell,0.00%,2.531MiB / 15.55GiB,20
59,e65c5998694a,google/cadvisor:latest,cadvisor,2.46%,50.74MiB / 15.55GiB,20
60,64e78f49b4df,ubuntu,gallant_tereshkova,0.00%,1.715MiB / 15.55GiB,20
61,214ed18ef5c4,ubuntu,loving_bell,0.00%,2.531MiB / 15.55GiB,21
62,e65c5998694a,google/cadvisor:latest,cadvisor,4.39%,50.74MiB / 15.55GiB,21
63,64e78f49b4df,ubuntu,gallant_tereshkova,0.00%,1.715MiB / 15.55GiB,21
